;Relação dos municípios com as maiores proporções de população  autodeclarada indígena do País, por situação do domicílio - Unidades da Federação - 2010 ;;;;;;;;;;
;Código;Município;Total;;Código;Município;Urbana;;Código;Município;Rural
Rondônia;;;;;;;;;;;
1;1100106;Guajará-Mirim;9,6;;1100080;Costa Marques;2,8;;1100106;Guajará-Mirim;58,5
2;1100924;Chupinguaia;2,8;;1101468;Pimenteiras do Oeste;1,1;;1100122;Ji-Paraná;7,9
3;1101492;São Francisco do Guaporé;2,4;;1100924;Chupinguaia;0,8;;1100304;Vilhena;6,5
4;1100015;Alta Floresta D'Oeste;1,8;;1100015;Alta Floresta D'Oeste;0,7;;1100049;Cacoal;6,1
5;1100049;Cacoal;1,7;;1100106;Guajará-Mirim;0,6;;1100189;Pimenta Bueno;5,5
6;1100080;Costa Marques;1,6;;1100049;Cacoal;0,5;;1100924;Chupinguaia;4,4
7;1100338;Nova Mamoré;1,4;;1101492;São Francisco do Guaporé;0,4;;1101492;São Francisco do Guaporé;4,4
8;1101302;Mirante da Serra;1,4;;1101559;Teixeirópolis;0,4;;1100098;Espigão D'Oeste;4,1
9;1100098;Espigão D'Oeste;1,4;;1101807;Vale do Paraíso;0,4;;1100015;Alta Floresta D'Oeste;3,2
10;1100189;Pimenta Bueno;1,0;;1100155;Ouro Preto do Oeste;0,4;;1100338;Nova Mamoré;3,0
;;;;;;;;;;;
Acre;;;;;;;;;;;
1;1200435;Santa Rosa do Purus;53,8;;1200435;Santa Rosa do Purus;17,0;;1200435;Santa Rosa do Purus;78,7
2;1200328;Jordão;32,4;;1200328;Jordão;6,3;;1200328;Jordão;46,2
3;1200351;Marechal Thaumaturgo;10,1;;1200054;Assis Brasil;3,8;;1200336;Mâncio Lima;18,6
4;1200054;Assis Brasil;9,2;;1200609;Tarauacá;1,4;;1200054;Assis Brasil;17,5
5;1200336;Mâncio Lima;8,6;;1200336;Mâncio Lima;1,3;;1200302;Feijó;15,5
6;1200302;Feijó;8,1;;1200302;Feijó;1,0;;1200344;Manoel Urbano;15,5
7;1200393;Porto Walter;5,9;;1200351;Marechal Thaumaturgo;1,0;;1200351;Marechal Thaumaturgo;13,7
8;1200344;Manoel Urbano;5,7;;1200393;Porto Walter;0,9;;1200393;Porto Walter;8,7
9;1200609;Tarauacá;4,0;;1200104;Brasiléia;0,9;;1200609;Tarauacá;7,2
10;1200500;Sena Madureira;2,6;;1200500;Sena Madureira;0,9;;1200500;Sena Madureira;6,0
;;;;;;;;;;;
Amazonas;;;;;;;;;;;
1;1303809;São Gabriel da Cachoeira;76,6;;1303809;São Gabriel da Cachoeira;57,8;;1303809;São Gabriel da Cachoeira;95,5
2;1303601;Santa Isabel do Rio Negro;59,2;;1303601;Santa Isabel do Rio Negro;31,6;;1304062;Tabatinga;88,2
3;1303908;São Paulo de Olivença;47,7;;1300300;Autazes;20,1;;1303601;Santa Isabel do Rio Negro;76,0
4;1300201;Atalaia do Norte;41,4;;1303908;São Paulo de Olivença;15,6;;1303908;São Paulo de Olivença;74,3
5;1300409;Barcelos;32,5;;1300409;Barcelos;12,3;;1300201;Atalaia do Norte;70,7
6;1300060;Amaturá;31,9;;1303700;Santo Antônio do Içá;11,7;;1300607;Benjamin Constant;65,6
7;1300607;Benjamin Constant;29,4;;1300060;Amaturá;10,9;;1300060;Amaturá;55,0
8;1304062;Tabatinga;28,4;;1300201;Atalaia do Norte;6,3;;1300409;Barcelos;48,1
9;1303700;Santo Antônio do Içá;26,3;;1304237;Tonantins;6,1;;1303700;Santo Antônio do Içá;42,7
10;1300300;Autazes;21,4;;1300607;Benjamin Constant;5,6;;1302306;Jutaí;34,0
;;;;;;;;;;;
Roraima;;;;;;;;;;;
1;1400704;Uiramutã;88,1;;1400704;Uiramutã;56,9;;1400704;Uiramutã;93,0
2;1400407;Normandia;56,9;;1400407;Normandia;18,1;;1400456;Pacaraima;91,7
3;1400456;Pacaraima;55,4;;1400159;Bonfim;9,3;;1400407;Normandia;70,5
4;1400027;Amajari;53,8;;1400027;Amajari;8,7;;1400050;Alto Alegre;63,9
5;1400050;Alto Alegre;45,9;;1400456;Pacaraima;7,9;;1400027;Amajari;60,5
6;1400159;Bonfim;42,5;;1400100;Boa Vista;2,2;;1400159;Bonfim;59,5
7;1400282;Iracema;18,0;;1400050;Alto Alegre;1,8;;1400100;Boa Vista;38,0
8;1400175;Cantá;12,4;;1400175;Cantá;1,1;;1400282;Iracema;33,5
9;1400233;Caroebe;5,6;;1400233;Caroebe;0,5;;1400175;Cantá;14,6
10;1400506;São João da Baliza;4,3;;1400282;Iracema;0,5;;1400506;São João da Baliza;13,7
;;;;;;;;;;;
Pará;;;;;;;;;;;
1;1503754;Jacareacanga;41,4;;1503754;Jacareacanga;22,0;;1503754;Jacareacanga;51,9
2;1502764;Cumaru do Norte;11,5;;1501006;Aveiro;3,1;;1505437;Ourilândia do Norte;20,6
3;1501006;Aveiro;11,2;;1500602;Altamira;1,0;;1500602;Altamira;19,3
4;1505437;Ourilândia do Norte;5,8;;1506583;Santa Maria das Barreiras;0,8;;1502764;Cumaru do Norte;15,3
5;1501576;Bom Jesus do Tocantins;5,0;;1503606;Itaituba;0,7;;1501006;Aveiro;13,2
6;1505304;Oriximiná;4,9;;1502764;Cumaru do Norte;0,6;;1505304;Oriximiná;13,2
7;1505551;Pau D'Arco;4,6;;1505031;Novo Progresso;0,5;;1505551;Pau D'Arco;11,5
8;1500602;Altamira;3,7;;1502707;Conceição do Araguaia;0,4;;1501576;Bom Jesus do Tocantins;10,7
9;1507805;Senador José Porfírio;3,4;;1506138;Redenção;0,4;;1508100;Tucuruí;8,5
10;1501253;Bannach;3,0;;1500206;Acará;0,3;;1505536;Parauapebas;7,0
;;;;;;;;;;;
Amapá;;;;;;;;;;;
1;1600501;Oiapoque;27,2;;1600501;Oiapoque;3,1;;1600501;Oiapoque;77,2
2;1600154;Pedra Branca do Amapari;8,2;;1600402;Mazagão;0,4;;1600154;Pedra Branca do Amapari;18,3
3;1600402;Mazagão;0,2;;1600550;Pracuúba;0,2;;1600535;Porto Grande;0,2
4;1600279;Laranjal do Jari;0,2;;1600279;Laranjal do Jari;0,2;;1600238;Ferreira Gomes;0,2
5;1600303;Macapá;0,2;;1600204;Calçoene;0,2;;1600253;Itaubal;0,2
6;1600204;Calçoene;0,2;;1600303;Macapá;0,2;;1600204;Calçoene;0,1
7;1600535;Porto Grande;0,2;;1600212;Cutias;0,2;;1600600;Santana;0,1
8;1600238;Ferreira Gomes;0,2;;1600535;Porto Grande;0,1;;1600550;Pracuúba;0,1
9;1600550;Pracuúba;0,1;;1600238;Ferreira Gomes;0,1;;1600303;Macapá;0,0
10;1600253;Itaubal;0,1;;1600154;Pedra Branca do Amapari;0,1;;1600709;Tartarugalzinho;0,0
;;;;;;;;;;;
Tocantins;;;;;;;;;;;
1;1721109;Tocantínia;42,9;;1721109;Tocantínia;5,9;;1721109;Tocantínia;71,8
2;1711902;Lagoa da Confusão;17,1;;1706001;Couto Magalhães;1,2;;1711902;Lagoa da Confusão;45,0
3;1709005;Goiatins;13,5;;1716653;Pequizeiro;0,7;;1721208;Tocantinópolis;37,7
4;1710508;Itacajá;13,3;;1708205;Formoso do Araguaia;0,7;;1710508;Itacajá;33,1
5;1717503;Pium;9,2;;1709807;Ipueiras;0,6;;1709005;Goiatins;22,9
6;1721208;Tocantinópolis;7,4;;1716307;Pau D'Arco;0,6;;1717503;Pium;20,9
7;1708205;Formoso do Araguaia;5,9;;1716604;Peixe;0,6;;1708205;Formoso do Araguaia;19,6
8;1718865;Santa Fé do Araguaia;4,8;;1720259;São Salvador do Tocantins;0,6;;1718865;Santa Fé do Araguaia;13,3
9;1712801;Maurilândia do Tocantins;4,7;;1713205;Miracema do Tocantins;0,5;;1712801;Maurilândia do Tocantins;13,1
10;1720101;São Bento do Tocantins;0,6;;1715705;Palmeirante;0,5;;1720101;São Bento do Tocantins;1,4
;;;;;;;;;;;
Maranhão;;;;;;;;;;;
1;2105476;Jenipapo dos Vieiras;35,2;;2104800;Grajaú;3,2;;2105476;Jenipapo dos Vieiras;41,8
2;2104081;Fernando Falcão;26,4;;2100600;Amarante do Maranhão;1,7;;2104081;Fernando Falcão;31,5
3;2100600;Amarante do Maranhão;13,4;;2105476;Jenipapo dos Vieiras;1,4;;2100600;Amarante do Maranhão;21,1
4;2107001;Montes Altos;9,1;;2105351;Itaipava do Grajaú;1,0;;2107001;Montes Altos;19,7
5;2100956;Arame;7,9;;2101608;Barra do Corda;0,8;;2106375;Maranhãozinho;16,7
6;2105351;Itaipava do Grajaú;6,8;;2102903;Carutapera;0,6;;2100956;Arame;12,8
7;2104800;Grajaú;6,7;;2100956;Arame;0,5;;2104800;Grajaú;11,7
8;2106375;Maranhãozinho;6,0;;2109239;Presidente Médici;0,4;;2101608;Barra do Corda;9,6
9;2101608;Barra do Corda;4,1;;2100204;Alcântara;0,4;;2105351;Itaipava do Grajaú;9,3
10;2102036;Bom Jesus das Selvas;3,5;;2109007;Porto Franco;0,3;;2102036;Bom Jesus das Selvas;6,6
;;;;;;;;;;;
Piauí;;;;;;;;;;;
1;2208650;Queimada Nova;2,2;;2202752;Colônia do Gurguéia;0,7;;2208650;Queimada Nova;2,5
2;2202752;Colônia do Gurguéia;0,6;;2203909;Floriano;0,4;;2202778;Colônia do Piauí;0,6
3;2202778;Colônia do Piauí;0,4;;2209500;Santo Inácio do Piauí;0,4;;2200103;Agricolândia;0,5
4;2203909;Floriano;0,4;;2205300;Jerumenha;0,4;;2210003;São João do Piauí;0,5
5;2201903;Bom Jesus;0,3;;2210607;São Raimundo Nonato;0,3;;2201903;Bom Jesus;0,4
6;2209500;Santo Inácio do Piauí;0,2;;2210805;Simplício Mendes;0,3;;2201705;Bertolínia;0,4
7;2210607;São Raimundo Nonato;0,2;;2207405;Palmeira do Piauí;0,3;;2203206;Curimatá;0,3
8;2210003;São João do Piauí;0,2;;2204402;Gilbués;0,3;;2205953;Marcolândia;0,3
9;2205300;Jerumenha;0,2;;2201903;Bom Jesus;0,3;;2206704;Nazaré do Piauí;0,3
10;2204402;Gilbués;0,2;;2208205;Pio IX;0,2;;2206308;Miguel Leão;0,3
;;;;;;;;;;;
Ceará;;;;;;;;;;;
1;2308609;Monsenhor Tabosa;11,6;;2311009;Poranga;14,1;;2307650;Maracanaú;50,2
2;2311009;Poranga;9,8;;2308609;Monsenhor Tabosa;5,3;;2308609;Monsenhor Tabosa;19,6
3;2306553;Itarema;6,0;;2306553;Itarema;1,4;;2306553;Itarema;9,4
4;2301406;Aratuba;2,8;;2304103;Crateús;1,1;;2301406;Aratuba;3,9
5;2307650;Maracanaú;1,1;;2303709;Caucaia;0,9;;2309706;Pacatuba;2,5
6;2309706;Pacatuba;1,0;;2309706;Pacatuba;0,8;;2311009;Poranga;1,7
7;2304103;Crateús;0,8;;2307650;Maracanaú;0,7;;2309409;Novo Oriente;1,4
8;2303709;Caucaia;0,8;;2303204;Caririaçu;0,5;;2311264;Quiterianópolis;1,1
9;2311264;Quiterianópolis;0,8;;2301000;Aquiraz;0,5;;2306405;Itapipoca;0,7
10;2309409;Novo Oriente;0,7;;2301406;Aratuba;0,5;;2303709;Caucaia;0,7
;;;;;;;;;;;
Rio Grande do Norte;;;;;;;;;;;
1;2405801;João Câmara;1,0;;2406205;Lagoa d'Anta;0,7;;2405801;João Câmara;3,3
2;2406205;Lagoa d'Anta;0,5;;2410702;Riacho da Cruz;0,5;;2404200;Goianinha;0,5
3;2410702;Riacho da Cruz;0,4;;2414456;Triunfo Potiguar;0,3;;2410702;Riacho da Cruz;0,2
4;2404200;Goianinha;0,3;;2403608;Extremoz;0,3;;2407203;Macau;0,2
5;2401404;Baía Formosa;0,3;;2410256;Porto do Mangue;0,3;;2406205;Lagoa d'Anta;0,2
6;2403608;Extremoz;0,2;;2401404;Baía Formosa;0,3;;2402204;Canguaretama;0,2
7;2415008;Vila Flor;0,2;;2413904;Taipu;0,3;;2407401;Martins;0,2
8;2414456;Triunfo Potiguar;0,2;;2404507;Guamaré;0,3;;2401800;Brejinho;0,2
9;2410256;Porto do Mangue;0,2;;2412559;São Miguel do Gostoso;0,2;;2413557;Serrinha dos Pintos;0,1
10;2402204;Canguaretama;0,2;;2409803;Pedro Velho;0,2;;2413359;Serra do Mel;0,1
;;;;;;;;;;;
Paraíba;;;;;;;;;;;
1;2509057;Marcação;77,5;;2509057;Marcação;66,2;;2501401;Baía da Traição;89,1
2;2501401;Baía da Traição;71,0;;2501401;Baía da Traição;42,2;;2509057;Marcação;84,2
3;2512903;Rio Tinto;10,3;;2512903;Rio Tinto;10,8;;2512903;Rio Tinto;9,8
4;2509305;Mataraca;2,8;;2509305;Mataraca;3,0;;2509305;Mataraca;1,2
5;2503209;Cabedelo;0,7;;2503209;Cabedelo;0,7;;2504603;Conde;1,0
6;2504603;Conde;0,6;;2501104;Areia;0,6;;2508604;Lucena;0,8
7;2508604;Lucena;0,4;;2508901;Mamanguape;0,4;;2502151;Boa Vista;0,5
8;2501104;Areia;0,4;;2504603;Conde;0,4;;2501807;Bayeux;0,4
9;2501807;Bayeux;0,3;;2508604;Lucena;0,4;;2504033;Capim;0,3
10;2508901;Mamanguape;0,3;;2513000;Salgadinho;0,3;;2514107;São João do Tigre;0,3
;;;;;;;;;;;
Pernambuco;;;;;;;;;;;
1;2603926;Carnaubeira da Penha;33,6;;2603926;Carnaubeira da Penha;35,9;;2608057;Jatobá;33,2
2;2608057;Jatobá;21,6;;2600500;Águas Belas;13,2;;2603926;Carnaubeira da Penha;33,2
3;2614808;Tacaratu;18,6;;2609303;Mirandiba;9,2;;2610905;Pesqueira;29,7
4;2610905;Pesqueira;14,8;;2610905;Pesqueira;9,0;;2614808;Tacaratu;28,2
5;2603009;Cabrobó;11,8;;2608057;Jatobá;6,5;;2603009;Cabrobó;22,5
6;2600500;Águas Belas;9,1;;2603009;Cabrobó;5,8;;2607406;Itacuruba;14,8
7;2607000;Inajá;8,6;;2607406;Itacuruba;5,4;;2606606;Ibimirim;14,1
8;2606606;Ibimirim;7,1;;2614808;Tacaratu;5,0;;2607000;Inajá;14,0
9;2607406;Itacuruba;6,8;;2611002;Petrolândia;4,8;;2612208;Salgueiro;13,6
10;2611002;Petrolândia;6,6;;2605707;Floresta;3,2;;2605707;Floresta;13,2
;;;;;;;;;;;
Alagoas;;;;;;;;;;;
1;2706422;Pariconha;32,2;;2706422;Pariconha;35,8;;2706422;Pariconha;30,8
2;2707503;Porto Real do Colégio;9,3;;2703304;Inhapi;3,8;;2703809;Joaquim Gomes;17,1
3;2703809;Joaquim Gomes;6,3;;2707503;Porto Real do Colégio;2,9;;2707503;Porto Real do Colégio;12,6
4;2706307;Palmeira dos Índios;2,4;;2706307;Palmeira dos Índios;1,1;;2705101;Matriz de Camaragibe;9,5
5;2703304;Inhapi;1,7;;2708204;São Brás;0,4;;2706307;Palmeira dos Índios;5,8
6;2708808;São Sebastião;1,6;;2705200;Messias;0,4;;2708808;São Sebastião;2,6
7;2702603;Feira Grande;1,2;;2707206;Poço das Trincheiras;0,4;;2702603;Feira Grande;1,4
8;2700102;Água Branca;0,9;;2708006;Santana do Ipanema;0,3;;2700102;Água Branca;1,2
9;2705002;Mata Grande;0,9;;2706406;Pão de Açúcar;0,3;;2705002;Mata Grande;1,1
10;2705101;Matriz de Camaragibe;0,7;;2700805;Belém;0,3;;2705200;Messias;0,8
;;;;;;;;;;;
Sergipe;;;;;;;;;;;
1;2805604;Porto da Folha;1,4;;2802007;Divina Pastora;1,0;;2805604;Porto da Folha;2,1
2;2804300;Muribeca;0,9;;2805109;Pedrinhas;0,7;;2804300;Muribeca;1,5
3;2802007;Divina Pastora;0,7;;2805703;Propriá;0,5;;2804003;Maruim;0,5
4;2805109;Pedrinhas;0,6;;2804805;Nossa Senhora do Socorro;0,5;;2802007;Divina Pastora;0,5
5;2804805;Nossa Senhora do Socorro;0,5;;2806701;São Cristóvão;0,5;;2805109;Pedrinhas;0,4
6;2805703;Propriá;0,4;;2803609;Laranjeiras;0,4;;2800506;Areia Branca;0,3
7;2804003;Maruim;0,4;;2802809;Indiaroba;0,4;;2805703;Propriá;0,2
8;2806701;São Cristóvão;0,4;;2807105;Simão Dias;0,4;;2806107;Rosário do Catete;0,2
9;2803609;Laranjeiras;0,4;;2800308;Aracaju;0,4;;2805901;Riachuelo;0,2
10;2800308;Aracaju;0,4;;2804003;Maruim;0,4;;2803609;Laranjeiras;0,2
;;;;;;;;;;;
Bahia;;;;;;;;;;;
1;2923902;Pau Brasil;21,3;;2927705;Santa Cruz Cabrália;17,5;;2923902;Pau Brasil;58,6
2;2902658;Banzaê;18,4;;2927101;Rodelas;13,3;;2902658;Banzaê;27,4
3;2927705;Santa Cruz Cabrália;14,9;;2925501;Prado;5,3;;2925303;Porto Seguro;15,7
4;2927101;Rodelas;12,3;;2923902;Pau Brasil;3,8;;2925501;Prado;11,3
5;2911402;Glória;9,4;;2912806;Ibirapuã;3,8;;2911402;Glória;11,2
6;2925501;Prado;7,9;;2915403;Itaju do Colônia;3,1;;2927705;Santa Cruz Cabrália;8,2
7;2900207;Abaré;4,3;;2910701;Euclides da Cunha;2,3;;2900207;Abaré;7,9
8;2925303;Porto Seguro;4,2;;2911402;Glória;1,8;;2927101;Rodelas;7,0
9;2915403;Itaju do Colônia;3,7;;2925303;Porto Seguro;1,7;;2913606;Ilhéus;6,4
10;2912806;Ibirapuã;2,3;;2913606;Ilhéus;1,4;;2915403;Itaju do Colônia;6,3
;;;;;;;;;;;
Minas Gerais;;;;;;;;;;;
1;3162450;São João das Missões;67,7;;3162450;São João das Missões;16,7;;3162450;São João das Missões;81,2
2;3157658;Santa Helena de Minas;12,5;;3170305;Umburatiba;2,3;;3157658;Santa Helena de Minas;32,4
3;3106606;Bertópolis;11,2;;3132107;Itacarambi;1,6;;3106606;Bertópolis;28,2
4;3113800;Carmésia;10,2;;3110806;Campanário;1,1;;3113800;Carmésia;21,0
5;3132107;Itacarambi;2,4;;3119500;Coronel Murta;1,1;;3154309;Resplendor;8,2
6;3154309;Resplendor;2,2;;3120102;Couto de Magalhães de Minas;0,9;;3132107;Itacarambi;5,3
7;3110806;Campanário;1,7;;3113800;Carmésia;0,8;;3140506;Martinho Campos;4,4
8;3119500;Coronel Murta;1,7;;3109451;Cabeceira Grande;0,8;;3110806;Campanário;3,6
9;3170305;Umburatiba;1,3;;3116159;Chapada Gaúcha;0,7;;3119500;Coronel Murta;3,3
10;3137007;Ladainha;1,2;;3157401;Santa Cruz do Escalvado;0,6;;3137007;Ladainha;1,6
;;;;;;;;;;;
Espírito Santo;;;;;;;;;;;
1;3200607;Aracruz;3,7;;3200607;Aracruz;0,9;;3200607;Aracruz;23,3
2;3200409;Anchieta;0,5;;3200409;Anchieta;0,6;;3200409;Anchieta;0,3
3;3204054;Pedro Canário;0,3;;3201159;Brejetuba;0,4;;3203502;Montanha;0,3
4;3205309;Vitória;0,3;;3203346;Marechal Floriano;0,4;;3203130;João Neiva;0,3
5;3205002;Serra;0,3;;3201803;Divino de São Lourenço;0,3;;3204658;São Domingos do Norte;0,2
6;3201159;Brejetuba;0,3;;3204054;Pedro Canário;0,3;;3203056;Jaguaré;0,2
7;3205200;Vila Velha;0,2;;3205309;Vitória;0,3;;3201159;Brejetuba;0,2
8;3201803;Divino de São Lourenço;0,2;;3205002;Serra;0,3;;3205200;Vila Velha;0,2
9;3203056;Jaguaré;0,2;;3201605;Conceição da Barra;0,3;;3201803;Divino de São Lourenço;0,2
10;3202405;Guarapari;0,2;;3200102;Afonso Cláudio;0,3;;3205069;Venda Nova do Imigrante;0,2
;;;;;;;;;;;
Rio de Janeiro;;;;;;;;;;;
1;3303807;Paraty;0,7;;3304607;Santa Maria Madalena;0,3;;3300100;Angra dos Reis;5,0
2;3300100;Angra dos Reis;0,3;;3300258;Arraial do Cabo;0,3;;3303807;Paraty;1,9
3;3300258;Arraial do Cabo;0,3;;3305158;São José do Vale do Rio Preto;0,2;;3300225;Areal;0,3
4;3304607;Santa Maria Madalena;0,2;;3303807;Paraty;0,2;;3304524;Rio das Ostras;0,3
5;3305208;São Pedro da Aldeia;0,2;;3300704;Cabo Frio;0,2;;3303955;Pinheiral;0,2
6;3303005;Miracema;0,2;;3305208;São Pedro da Aldeia;0,2;;3305554;Seropédica;0,2
7;3300704;Cabo Frio;0,1;;3306206;Vassouras;0,2;;3301702;Duque de Caxias;0,2
8;3304110;Porto Real;0,1;;3303005;Miracema;0,2;;3302601;Mangaratiba;0,2
9;3302007;Itaguaí;0,1;;3302007;Itaguaí;0,1;;3301900;Itaboraí;0,2
10;3303302;Niterói;0,1;;3300936;Carapebus;0,1;;3303005;Miracema;0,1
;;;;;;;;;;;
São Paulo;;;;;;;;;;;
1;3504305;Avaí;11,2;;3503356;Arco-Íris;0,7;;3504305;Avaí;33,3
2;3503356;Arco-Íris;8,5;;3531100;Mongaguá;0,7;;3507704;Braúna;20,8
3;3505005;Barão de Antonina;2,9;;3537602;Peruíbe;0,7;;3503356;Arco-Íris;18,8
4;3507704;Braúna;2,7;;3509908;Cananéia;0,5;;3506359;Bertioga;11,8
5;3551801;Sete Barras;1,1;;3520301;Iguape;0,5;;3531100;Mongaguá;10,4
6;3509908;Cananéia;0,9;;3504305;Avaí;0,5;;3522109;Itanhaém;9,8
7;3529906;Miracatu;0,9;;3550704;São Sebastião;0,4;;3555406;Ubatuba;8,2
8;3537602;Peruíbe;0,7;;3515806;Flora Rica;0,4;;3505005;Barão de Antonina;7,1
9;3531100;Mongaguá;0,7;;3513306;Cruzália;0,4;;3537602;Peruíbe;5,5
10;3523305;Itariri;0,6;;3525409;Jeriquara;0,4;;3509908;Cananéia;3,5
;;;;;;;;;;;
Paraná;;;;;;;;;;;
1;4117057;Nova Laranjeiras;19,9;;4108809;Guaíra;1,6;;4114500;Manoel Ribas;26,5
2;4114500;Manoel Ribas;12,9;;4105706;Clevelândia;1,2;;4117057;Nova Laranjeiras;25,1
3;4126678;Tamarana;12,1;;4106456;Coronel Domingos Soares;1,0;;4126678;Tamarana;23,0
4;4107157;Diamante D'Oeste;8,4;;4119251;Pinhal de São Bento;0,7;;4117602;Palmas;19,1
5;4124707;São Jerônimo da Serra;8,2;;4107736;Fernandes Pinheiro;0,6;;4123105;Santa Amélia;17,7
6;4107546;Espigão Alto do Iguaçu;5,8;;4108452;Foz do Jordão;0,6;;4107157;Diamante D'Oeste;17,1
7;4123105;Santa Amélia;4,6;;4117057;Nova Laranjeiras;0,6;;4124707;São Jerônimo da Serra;15,8
8;4127965;Turvo;4,1;;4124707;São Jerônimo da Serra;0,5;;4107546;Espigão Alto do Iguaçu;8,9
9;4104402;Cândido de Abreu;3,7;;4107520;Esperança Nova;0,5;;4105409;Chopinzinho;8,9
10;4105409;Chopinzinho;3,3;;4121356;Rancho Alegre D'Oeste;0,5;;4125704;São Miguel do Iguaçu;6,9
;;;;;;;;;;;
Santa Catarina;;;;;;;;;;;
1;4207684;Ipuaçu;50,5;;4209151;José Boiteux;1,7;;4207684;Ipuaçu;63,4
2;4205175;Entre Rios;20,5;;4200101;Abelardo Luz;1,6;;4205175;Entre Rios;29,0
3;4209151;José Boiteux;18,7;;4205175;Entre Rios;1,4;;4209151;José Boiteux;27,6
4;4219358;Vitor Meireles;8,3;;4202438;Bocaina do Sul;1,2;;4205159;Doutor Pedrinho;12,9
5;4205159;Doutor Pedrinho;6,1;;4200556;Águas Frias;0,9;;4219358;Vitor Meireles;11,3
6;4210209;Major Gercino;2,2;;4202057;Balneário Barra do Sul;0,8;;4204202;Chapecó;7,9
7;4200101;Abelardo Luz;1,9;;4210704;Matos Costa;0,8;;4201307;Araquari;7,3
8;4207205;Imaruí;1,1;;4205159;Doutor Pedrinho;0,7;;4210209;Major Gercino;3,6
9;4201307;Araquari;0,9;;4201307;Araquari;0,5;;4216206;São Francisco do Sul;2,9
10;4217501;Seara;0,8;;4209458;Lajeado Grande;0,5;;4200101;Abelardo Luz;2,3
;;;;;;;;;;;
Rio Grande do Sul;;;;;;;;;;;
1;4305371;Charrua;43,9;;4308854;Gentil;13,6;;4315404;Redentora;55,7
2;4302055;Benjamin Constant do Sul;43,5;;4312138;Mato Castelhano;5,6;;4306924;Engenho Velho;55,7
3;4315404;Redentora;39,5;;4321402;Tenente Portela;5,4;;4305371;Charrua;52,4
4;4319737;São Valério do Sul;39,4;;4316105;Ronda Alta;5,2;;4302055;Benjamin Constant do Sul;50,8
5;4306924;Engenho Velho;34,1;;4312302;Miraguaí;3,9;;4319737;São Valério do Sul;48,9
6;4303202;Cacique Doble;19,1;;4314704;Planalto;2,5;;4321402;Tenente Portela;31,1
7;4321402;Tenente Portela;14,6;;4300661;André da Rocha;2,0;;4303202;Cacique Doble;28,4
8;4309126;Gramado dos Loureiros;13,4;;4305801;Constantina;1,9;;4312708;Nonoai;27,4
9;4312625;Muliterno;11,4;;4305371;Charrua;1,9;;4306973;Erebango;26,3
10;4316105;Ronda Alta;10,1;;4316451;Salto do Jacuí;1,6;;4316105;Ronda Alta;20,0
;;;;;;;;;;;
Mato Grosso do Sul;;;;;;;;;;;
1;5004809;Japorã;49,4;;5000906;Antônio João;8,4;;5006358;Paranhos;71,9
2;5006358;Paranhos;35,7;;5000708;Anastácio;6,3;;5004502;Itaporã;66,8
3;5007950;Tacuru;35,6;;5007901;Sidrolândia;4,3;;5003157;Coronel Sapucaia;66,7
4;5005608;Miranda;25,3;;5001102;Aquidauana;3,9;;5005608;Miranda;61,2
5;5004502;Itaporã;24,4;;5002159;Bodoquena;3,4;;5004809;Japorã;60,3
6;5000609;Amambai;20,8;;5005806;Nioaque;3,3;;5000609;Amambai;57,9
7;5003157;Coronel Sapucaia;18,4;;5001243;Aral Moreira;2,5;;5002407;Caarapó;57,3
8;5003488;Dois Irmãos do Buriti;17,9;;5005608;Miranda;2,2;;5007950;Tacuru;56,0
9;5002407;Caarapó;17,0;;5004304;Iguatemi;1,7;;5001102;Aquidauana;44,5
10;5003504;Douradina;16,1;;5005152;Juti;1,5;;5003504;Douradina;41,2
;;;;;;;;;;;
Mato Grosso;;;;;;;;;;;
1;5102603;Campinápolis;53,3;;5105309;Luciara;11,1;;5102603;Campinápolis;80,0
2;5106174;Nova Nazaré;38,7;;5107859;São Félix do Araguaia;2,2;;5106174;Nova Nazaré;61,3
3;5103858;Gaúcha do Norte;32,2;;5103858;Gaúcha do Norte;2,2;;5101803;Barra do Garças;60,0
4;5103908;General Carneiro;28,4;;5107776;Santa Terezinha;2,2;;5103908;General Carneiro;53,4
5;5107578;Rondolândia;23,3;;5102702;Canarana;1,8;;5103858;Gaúcha do Norte;48,3
6;5100359;Alto Boa Vista;14,6;;5108857;Nova Marilândia;1,5;;5100359;Alto Boa Vista;37,1
7;5107792;Santo Antônio do Leste;14,3;;5106257;Nova Xavantina;1,0;;5103700;Feliz Natal;34,8
8;5107776;Santa Terezinha;14,0;;5103361;Conquista D'Oeste;0,9;;5107792;Santo Antônio do Leste;32,3
9;5105309;Luciara;11,3;;5101407;Aripuanã;0,9;;5107578;Rondolândia;31,5
10;5107065;Querência;10,4;;5106455;Planalto da Serra;0,8;;5102702;Canarana;27,3
;;;;;;;;;;;
Goiás;;;;;;;;;;;
1;5214705;Nova América;3,8;;5202502;Aruanã;2,5;;5214705;Nova América;13,1
2;5202502;Aruanã;2,8;;5200605;Alto Paraíso de Goiás;1,0;;5202502;Aruanã;3,9
3;5200605;Alto Paraíso de Goiás;0,8;;5205307;Cavalcante;1,0;;5218904;Rubiataba;2,6
4;5208905;Goiás;0,7;;5208905;Goiás;0,9;;5205406;Ceres;1,0
5;5202809;Avelinópolis;0,7;;5202809;Avelinópolis;0,9;;5212956;Matrinchã;0,8
6;5218904;Rubiataba;0,6;;5212006;Jaupaci;0,6;;5215405;Ouro Verde de Goiás;0,4
7;5212956;Matrinchã;0,5;;5208509;Goiandira;0,6;;5205901;Corumbaíba;0,3
8;5205307;Cavalcante;0,5;;5219001;Sanclerlândia;0,5;;5213400;Moiporá;0,3
9;5212006;Jaupaci;0,5;;5212600;Mairipotaba;0,5;;5205521;Colinas do Sul;0,3
10;5208509;Goiandira;0,5;;5203807;Britânia;0,5;;5208905;Goiás;0,3
;;;;;;;;;;;
Distrito Federal;;;;;;;;;;;
1;5300108;Brasília;0,2;;5300108;Brasília;0,2;;5300108;Brasília;0,2
;;;;;;;;;;;
;Fonte: IBGE, Censo Demográfico 2010.;;;;;;;;;;
